type,id
file,24e050fbe66a95447a6c43c4ea5847d850c081ff8b592d92c5e349d5da86a629
file,2c29708d7ec6b3d1bdfa81f8d91290138589b3929aad60cf5734deedd2ec5379
file,33b67d121d4cebe74588cb6d6ed23138ec72f2b6f6cb05ae662bd211b965b8cb
file,50cf08a25843b26559efa8a73119c6f5cb20777c415a91e6b03bc97a621af589
file,624bb79bba57d83a77011765c6d91573d261d77fd1859f08c314a34bf828d7c2
file,885763b951f68b13fda792bad36b147cf25a5b73e2e2b6f41737bc835a34dba8
file,9081e8060480a062f0c2c85c555a82cf9d4072ef806ae1602c7ff41f28b29bfa
file,b1fd1410446cb0e3bf63eadc08132a1f71b6cae6c8489c02b12aec216e77595d
file,bb0badfc6b6875c37503e8e97928a9bd3818d6dc299b143aa14af2d6e22dc706
file,d408427adb65b297f7245a41d8b0d9de9351e4c3a39f760e16b7e7ca8e9b71ab
file,e3857dd9ac01857a5913e2a22866a5de505f72b559c37a954be6bd2436942a1d
file,e49e70c04330b0d3a2b9ddc1608bdc58314264ff0eb4e473f1b5db78eeadb206
