IPProto,SrcIP,SrcPort,DstIp,DstPort,UID,App,PackageName,Proto,Status,Info,BytesSent,BytesRcvd,PktsSent,PktsRcvd,FirstSeen,LastSeen
17,10.215.173.1,38461,10.215.173.2,53,10174,Photos,com.google.android.apps.photos,DNS,Cerrado,www.gstatic.com,61,89,1,1,2026-09-03T03:53:33.563-06:00,2026-09-03T03:53:33.625-06:00
17,10.215.173.1,55325,10.215.173.2,53,10174,Photos,com.google.android.apps.photos,DNS,Cerrado,www.gstatic.com,61,77,1,1,2026-09-03T03:53:33.567-06:00,2026-09-03T03:53:33.623-06:00
6,10.215.173.1,33296,142.251.210.163,443,10174,Photos,com.google.android.apps.photos,TLS,Cerrado,www.gstatic.com,140,128,3,3,2026-09-03T03:53:33.632-06:00,2026-09-03T03:53:33.705-06:00
6,fd00:2:fd00:1:fd00:1:fd00:1,56174,2607:f8b0:4012:821::2003,443,10174,Photos,com.google.android.apps.photos,TLS,Inalcanzable,www.gstatic.com,80,60,1,1,2026-09-03T03:53:33.687-06:00,2026-09-03T03:53:33.691-06:00
6,fd00:2:fd00:1:fd00:1:fd00:1,56174,2607:f8b0:4012:821::2003,443,10174,Photos,com.google.android.apps.photos,TLS,Inalcanzable,www.gstatic.com,80,60,1,1,2026-09-03T03:53:33.709-06:00,2026-09-03T03:53:33.712-06:00
6,fd00:2:fd00:1:fd00:1:fd00:1,56180,2607:f8b0:4012:821::2003,443,10174,Photos,com.google.android.apps.photos,TLS,Inalcanzable,www.gstatic.com,80,60,1,1,2026-09-03T03:53:33.714-06:00,2026-09-03T03:53:33.715-06:00
6,fd00:2:fd00:1:fd00:1:fd00:1,56180,2607:f8b0:4012:821::2003,443,10174,Photos,com.google.android.apps.photos,TLS,Inalcanzable,www.gstatic.com,80,60,1,1,2026-09-03T03:53:33.729-06:00,2026-09-03T03:53:33.731-06:00
6,fd00:2:fd00:1:fd00:1:fd00:1,56182,2607:f8b0:4012:821::2003,443,10174,Photos,com.google.android.apps.photos,TLS,Inalcanzable,www.gstatic.com,80,60,1,1,2026-09-03T03:53:34.031-06:00,2026-09-03T03:53:34.033-06:00
6,fd00:2:fd00:1:fd00:1:fd00:1,56182,2607:f8b0:4012:821::2003,443,10174,Photos,com.google.android.apps.photos,TLS,Inalcanzable,www.gstatic.com,80,60,1,1,2026-09-03T03:53:34.045-06:00,2026-09-03T03:53:34.048-06:00
6,fd00:2:fd00:1:fd00:1:fd00:1,56184,2607:f8b0:4012:821::2003,443,10174,Photos,com.google.android.apps.photos,TLS,Inalcanzable,www.gstatic.com,80,60,1,1,2026-09-03T03:53:34.109-06:00,2026-09-03T03:53:34.111-06:00
6,fd00:2:fd00:1:fd00:1:fd00:1,56192,2607:f8b0:4012:821::2003,443,10174,Photos,com.google.android.apps.photos,TLS,Inalcanzable,www.gstatic.com,80,60,1,1,2026-09-03T03:53:34.116-06:00,2026-09-03T03:53:34.124-06:00
6,fd00:2:fd00:1:fd00:1:fd00:1,56194,2607:f8b0:4012:821::2003,443,10174,Photos,com.google.android.apps.photos,TLS,Inalcanzable,www.gstatic.com,80,60,1,1,2026-09-03T03:53:34.126-06:00,2026-09-03T03:53:34.131-06:00
6,fd00:2:fd00:1:fd00:1:fd00:1,56184,2607:f8b0:4012:821::2003,443,10174,Photos,com.google.android.apps.photos,TLS,Inalcanzable,www.gstatic.com,80,60,1,1,2026-09-03T03:53:34.133-06:00,2026-09-03T03:53:34.135-06:00
6,fd00:2:fd00:1:fd00:1:fd00:1,56218,2607:f8b0:4012:821::2003,443,10174,Photos,com.google.android.apps.photos,TLS,Inalcanzable,www.gstatic.com,80,60,1,1,2026-09-03T03:53:34.136-06:00,2026-09-03T03:53:34.139-06:00
6,fd00:2:fd00:1:fd00:1:fd00:1,56230,2607:f8b0:4012:821::2003,443,10174,Photos,com.google.android.apps.photos,TLS,Inalcanzable,www.gstatic.com,80,60,1,1,2026-09-03T03:53:34.141-06:00,2026-09-03T03:53:34.144-06:00
6,fd00:2:fd00:1:fd00:1:fd00:1,56246,2607:f8b0:4012:821::2003,443,10174,Photos,com.google.android.apps.photos,TLS,Inalcanzable,www.gstatic.com,80,60,1,1,2026-09-03T03:53:34.147-06:00,2026-09-03T03:53:34.149-06:00
6,fd00:2:fd00:1:fd00:1:fd00:1,56192,2607:f8b0:4012:821::2003,443,10174,Photos,com.google.android.apps.photos,TLS,Inalcanzable,www.gstatic.com,80,60,1,1,2026-09-03T03:53:34.151-06:00,2026-09-03T03:53:34.154-06:00
6,fd00:2:fd00:1:fd00:1:fd00:1,56194,2607:f8b0:4012:821::2003,443,10174,Photos,com.google.android.apps.photos,TLS,Inalcanzable,www.gstatic.com,80,60,1,1,2026-09-03T03:53:34.157-06:00,2026-09-03T03:53:34.159-06:00
6,fd00:2:fd00:1:fd00:1:fd00:1,56218,2607:f8b0:4012:821::2003,443,10174,Photos,com.google.android.apps.photos,TLS,Inalcanzable,www.gstatic.com,80,60,1,1,2026-09-03T03:53:34.161-06:00,2026-09-03T03:53:34.164-06:00
6,fd00:2:fd00:1:fd00:1:fd00:1,56230,2607:f8b0:4012:821::2003,443,10174,Photos,com.google.android.apps.photos,TLS,Inalcanzable,www.gstatic.com,80,60,1,1,2026-09-03T03:53:34.166-06:00,2026-09-03T03:53:34.168-06:00
6,fd00:2:fd00:1:fd00:1:fd00:1,56246,2607:f8b0:4012:821::2003,443,10174,Photos,com.google.android.apps.photos,TLS,Inalcanzable,www.gstatic.com,80,60,1,1,2026-09-03T03:53:34.169-06:00,2026-09-03T03:53:34.171-06:00
6,fd00:2:fd00:1:fd00:1:fd00:1,56260,2607:f8b0:4012:821::2003,443,10174,Photos,com.google.android.apps.photos,TLS,Inalcanzable,www.gstatic.com,80,60,1,1,2026-09-03T03:53:34.230-06:00,2026-09-03T03:53:34.231-06:00
6,fd00:2:fd00:1:fd00:1:fd00:1,56260,2607:f8b0:4012:821::2003,443,10174,Photos,com.google.android.apps.photos,TLS,Inalcanzable,www.gstatic.com,80,60,1,1,2026-09-03T03:53:34.244-06:00,2026-09-03T03:53:34.245-06:00
6,fd00:2:fd00:1:fd00:1:fd00:1,56174,2607:f8b0:4012:821::2003,443,10174,Photos,com.google.android.apps.photos,TLS,Inalcanzable,www.gstatic.com,80,60,1,1,2026-09-03T03:53:35.729-06:00,2026-09-03T03:53:35.732-06:00
6,fd00:2:fd00:1:fd00:1:fd00:1,56180,2607:f8b0:4012:821::2003,443,10174,Photos,com.google.android.apps.photos,TLS,Inalcanzable,www.gstatic.com,80,60,1,1,2026-09-03T03:53:35.764-06:00,2026-09-03T03:53:35.767-06:00
6,fd00:2:fd00:1:fd00:1:fd00:1,56182,2607:f8b0:4012:821::2003,443,10174,Photos,com.google.android.apps.photos,TLS,Inalcanzable,www.gstatic.com,80,60,1,1,2026-09-03T03:53:36.048-06:00,2026-09-03T03:53:36.053-06:00
6,fd00:2:fd00:1:fd00:1:fd00:1,56184,2607:f8b0:4012:821::2003,443,10174,Photos,com.google.android.apps.photos,TLS,Inalcanzable,www.gstatic.com,80,60,1,1,2026-09-03T03:53:36.145-06:00,2026-09-03T03:53:36.148-06:00
6,fd00:2:fd00:1:fd00:1:fd00:1,56192,2607:f8b0:4012:821::2003,443,10174,Photos,com.google.android.apps.photos,TLS,Inalcanzable,www.gstatic.com,80,60,1,1,2026-09-03T03:53:36.150-06:00,2026-09-03T03:53:36.153-06:00
6,fd00:2:fd00:1:fd00:1:fd00:1,56218,2607:f8b0:4012:821::2003,443,10174,Photos,com.google.android.apps.photos,TLS,Inalcanzable,www.gstatic.com,80,60,1,1,2026-09-03T03:53:36.176-06:00,2026-09-03T03:53:36.181-06:00
6,fd00:2:fd00:1:fd00:1:fd00:1,56246,2607:f8b0:4012:821::2003,443,10174,Photos,com.google.android.apps.photos,TLS,Inalcanzable,www.gstatic.com,80,60,1,1,2026-09-03T03:53:36.183-06:00,2026-09-03T03:53:36.187-06:00
6,fd00:2:fd00:1:fd00:1:fd00:1,56230,2607:f8b0:4012:821::2003,443,10174,Photos,com.google.android.apps.photos,TLS,Inalcanzable,www.gstatic.com,80,60,1,1,2026-09-03T03:53:36.191-06:00,2026-09-03T03:53:36.196-06:00
6,fd00:2:fd00:1:fd00:1:fd00:1,56194,2607:f8b0:4012:821::2003,443,10174,Photos,com.google.android.apps.photos,TLS,Inalcanzable,www.gstatic.com,80,60,1,1,2026-09-03T03:53:36.197-06:00,2026-09-03T03:53:36.199-06:00
6,fd00:2:fd00:1:fd00:1:fd00:1,56260,2607:f8b0:4012:821::2003,443,10174,Photos,com.google.android.apps.photos,TLS,Inalcanzable,www.gstatic.com,80,60,1,1,2026-09-03T03:53:36.279-06:00,2026-09-03T03:53:36.281-06:00
6,fd00:2:fd00:1:fd00:1:fd00:1,56174,2607:f8b0:4012:821::2003,443,10174,Photos,com.google.android.apps.photos,TLS,Inalcanzable,www.gstatic.com,80,60,1,1,2026-09-03T03:53:39.856-06:00,2026-09-03T03:53:39.859-06:00
6,fd00:2:fd00:1:fd00:1:fd00:1,56180,2607:f8b0:4012:821::2003,443,10174,Photos,com.google.android.apps.photos,TLS,Inalcanzable,www.gstatic.com,80,60,1,1,2026-09-03T03:53:39.860-06:00,2026-09-03T03:53:39.861-06:00
6,fd00:2:fd00:1:fd00:1:fd00:1,56182,2607:f8b0:4012:821::2003,443,10174,Photos,com.google.android.apps.photos,TLS,Inalcanzable,www.gstatic.com,80,60,1,1,2026-09-03T03:53:40.116-06:00,2026-09-03T03:53:40.118-06:00
6,fd00:2:fd00:1:fd00:1:fd00:1,56230,2607:f8b0:4012:821::2003,443,10174,Photos,com.google.android.apps.photos,TLS,Inalcanzable,www.gstatic.com,80,60,1,1,2026-09-03T03:53:40.368-06:00,2026-09-03T03:53:40.371-06:00
6,fd00:2:fd00:1:fd00:1:fd00:1,56194,2607:f8b0:4012:821::2003,443,10174,Photos,com.google.android.apps.photos,TLS,Inalcanzable,www.gstatic.com,80,60,1,1,2026-09-03T03:53:40.373-06:00,2026-09-03T03:53:40.377-06:00
6,fd00:2:fd00:1:fd00:1:fd00:1,56260,2607:f8b0:4012:821::2003,443,10174,Photos,com.google.android.apps.photos,TLS,Inalcanzable,www.gstatic.com,80,60,1,1,2026-09-03T03:53:40.378-06:00,2026-09-03T03:53:40.380-06:00
6,fd00:2:fd00:1:fd00:1:fd00:1,56246,2607:f8b0:4012:821::2003,443,10174,Photos,com.google.android.apps.photos,TLS,Inalcanzable,www.gstatic.com,80,60,1,1,2026-09-03T03:53:40.381-06:00,2026-09-03T03:53:40.383-06:00
6,fd00:2:fd00:1:fd00:1:fd00:1,56218,2607:f8b0:4012:821::2003,443,10174,Photos,com.google.android.apps.photos,TLS,Inalcanzable,www.gstatic.com,80,60,1,1,2026-09-03T03:53:40.384-06:00,2026-09-03T03:53:40.386-06:00
6,fd00:2:fd00:1:fd00:1:fd00:1,56192,2607:f8b0:4012:821::2003,443,10174,Photos,com.google.android.apps.photos,TLS,Inalcanzable,www.gstatic.com,80,60,1,1,2026-09-03T03:53:40.388-06:00,2026-09-03T03:53:40.390-06:00
6,fd00:2:fd00:1:fd00:1:fd00:1,56184,2607:f8b0:4012:821::2003,443,10174,Photos,com.google.android.apps.photos,TLS,Inalcanzable,www.gstatic.com,80,60,1,1,2026-09-03T03:53:40.392-06:00,2026-09-03T03:53:40.393-06:00
6,fd00:2:fd00:1:fd00:1:fd00:1,56174,2607:f8b0:4012:821::2003,443,10174,Photos,com.google.android.apps.photos,TLS,Inalcanzable,www.gstatic.com,80,60,1,1,2026-09-03T03:53:48.049-06:00,2026-09-03T03:53:48.051-06:00
6,fd00:2:fd00:1:fd00:1:fd00:1,56180,2607:f8b0:4012:821::2003,443,10174,Photos,com.google.android.apps.photos,TLS,Inalcanzable,www.gstatic.com,80,60,1,1,2026-09-03T03:53:48.053-06:00,2026-09-03T03:53:48.055-06:00
6,fd00:2:fd00:1:fd00:1:fd00:1,56182,2607:f8b0:4012:821::2003,443,10174,Photos,com.google.android.apps.photos,TLS,Inalcanzable,www.gstatic.com,80,60,1,1,2026-09-03T03:53:48.305-06:00,2026-09-03T03:53:48.307-06:00
6,fd00:2:fd00:1:fd00:1:fd00:1,56184,2607:f8b0:4012:821::2003,443,10174,Photos,com.google.android.apps.photos,TLS,Inalcanzable,www.gstatic.com,80,60,1,1,2026-09-03T03:53:48.560-06:00,2026-09-03T03:53:48.562-06:00
6,fd00:2:fd00:1:fd00:1:fd00:1,56192,2607:f8b0:4012:821::2003,443,10174,Photos,com.google.android.apps.photos,TLS,Inalcanzable,www.gstatic.com,80,60,1,1,2026-09-03T03:53:48.564-06:00,2026-09-03T03:53:48.566-06:00
6,fd00:2:fd00:1:fd00:1:fd00:1,56246,2607:f8b0:4012:821::2003,443,10174,Photos,com.google.android.apps.photos,TLS,Inalcanzable,www.gstatic.com,80,60,1,1,2026-09-03T03:53:48.567-06:00,2026-09-03T03:53:48.569-06:00
6,fd00:2:fd00:1:fd00:1:fd00:1,56260,2607:f8b0:4012:821::2003,443,10174,Photos,com.google.android.apps.photos,TLS,Inalcanzable,www.gstatic.com,80,60,1,1,2026-09-03T03:53:48.571-06:00,2026-09-03T03:53:48.573-06:00
6,fd00:2:fd00:1:fd00:1:fd00:1,56218,2607:f8b0:4012:821::2003,443,10174,Photos,com.google.android.apps.photos,TLS,Inalcanzable,www.gstatic.com,80,60,1,1,2026-09-03T03:53:48.575-06:00,2026-09-03T03:53:48.576-06:00
6,fd00:2:fd00:1:fd00:1:fd00:1,56230,2607:f8b0:4012:821::2003,443,10174,Photos,com.google.android.apps.photos,TLS,Inalcanzable,www.gstatic.com,80,60,1,1,2026-09-03T03:53:48.578-06:00,2026-09-03T03:53:48.579-06:00
6,fd00:2:fd00:1:fd00:1:fd00:1,56194,2607:f8b0:4012:821::2003,443,10174,Photos,com.google.android.apps.photos,TLS,Inalcanzable,www.gstatic.com,80,60,1,1,2026-09-03T03:53:48.581-06:00,2026-09-03T03:53:48.583-06:00
6,fd00:2:fd00:1:fd00:1:fd00:1,56174,2607:f8b0:4012:821::2003,443,10174,Photos,com.google.android.apps.photos,TLS,Inalcanzable,www.gstatic.com,80,60,1,1,2026-09-03T03:54:04.177-06:00,2026-09-03T03:54:04.179-06:00
6,fd00:2:fd00:1:fd00:1:fd00:1,56180,2607:f8b0:4012:821::2003,443,10174,Photos,com.google.android.apps.photos,TLS,Inalcanzable,www.gstatic.com,80,60,1,1,2026-09-03T03:54:04.181-06:00,2026-09-03T03:54:04.182-06:00
6,fd00:2:fd00:1:fd00:1:fd00:1,56182,2607:f8b0:4012:821::2003,443,10174,Photos,com.google.android.apps.photos,TLS,Inalcanzable,www.gstatic.com,80,60,1,1,2026-09-03T03:54:04.432-06:00,2026-09-03T03:54:04.434-06:00
6,fd00:2:fd00:1:fd00:1:fd00:1,56230,2607:f8b0:4012:821::2003,443,10174,Photos,com.google.android.apps.photos,TLS,Inalcanzable,www.gstatic.com,80,60,1,1,2026-09-03T03:54:04.688-06:00,2026-09-03T03:54:04.690-06:00
6,fd00:2:fd00:1:fd00:1:fd00:1,56260,2607:f8b0:4012:821::2003,443,10174,Photos,com.google.android.apps.photos,TLS,Inalcanzable,www.gstatic.com,80,60,1,1,2026-09-03T03:54:04.693-06:00,2026-09-03T03:54:04.695-06:00
6,fd00:2:fd00:1:fd00:1:fd00:1,56246,2607:f8b0:4012:821::2003,443,10174,Photos,com.google.android.apps.photos,TLS,Inalcanzable,www.gstatic.com,80,60,1,1,2026-09-03T03:54:04.697-06:00,2026-09-03T03:54:04.699-06:00
6,fd00:2:fd00:1:fd00:1:fd00:1,56184,2607:f8b0:4012:821::2003,443,10174,Photos,com.google.android.apps.photos,TLS,Inalcanzable,www.gstatic.com,80,60,1,1,2026-09-03T03:54:04.701-06:00,2026-09-03T03:54:04.703-06:00
6,fd00:2:fd00:1:fd00:1:fd00:1,56194,2607:f8b0:4012:821::2003,443,10174,Photos,com.google.android.apps.photos,TLS,Inalcanzable,www.gstatic.com,80,60,1,1,2026-09-03T03:54:04.705-06:00,2026-09-03T03:54:04.707-06:00
6,fd00:2:fd00:1:fd00:1:fd00:1,56218,2607:f8b0:4012:821::2003,443,10174,Photos,com.google.android.apps.photos,TLS,Inalcanzable,www.gstatic.com,80,60,1,1,2026-09-03T03:54:04.709-06:00,2026-09-03T03:54:04.711-06:00
6,fd00:2:fd00:1:fd00:1:fd00:1,56192,2607:f8b0:4012:821::2003,443,10174,Photos,com.google.android.apps.photos,TLS,Inalcanzable,www.gstatic.com,80,60,1,1,2026-09-03T03:54:04.712-06:00,2026-09-03T03:54:04.714-06:00
6,fd00:2:fd00:1:fd00:1:fd00:1,56184,2607:f8b0:4012:821::2003,443,10174,Photos,com.google.android.apps.photos,TLS,Inalcanzable,www.gstatic.com,80,60,1,1,2026-09-03T03:54:37.456-06:00,2026-09-03T03:54:37.459-06:00
6,fd00:2:fd00:1:fd00:1:fd00:1,56230,2607:f8b0:4012:821::2003,443,10174,Photos,com.google.android.apps.photos,TLS,Inalcanzable,www.gstatic.com,80,60,1,1,2026-09-03T03:54:37.460-06:00,2026-09-03T03:54:37.462-06:00
6,fd00:2:fd00:1:fd00:1:fd00:1,56246,2607:f8b0:4012:821::2003,443,10174,Photos,com.google.android.apps.photos,TLS,Inalcanzable,www.gstatic.com,80,60,1,1,2026-09-03T03:54:37.464-06:00,2026-09-03T03:54:37.466-06:00
6,fd00:2:fd00:1:fd00:1:fd00:1,56260,2607:f8b0:4012:821::2003,443,10174,Photos,com.google.android.apps.photos,TLS,Inalcanzable,www.gstatic.com,80,60,1,1,2026-09-03T03:54:37.468-06:00,2026-09-03T03:54:37.469-06:00
6,fd00:2:fd00:1:fd00:1:fd00:1,56182,2607:f8b0:4012:821::2003,443,10174,Photos,com.google.android.apps.photos,TLS,Inalcanzable,www.gstatic.com,80,60,1,1,2026-09-03T03:54:37.471-06:00,2026-09-03T03:54:37.473-06:00
6,fd00:2:fd00:1:fd00:1:fd00:1,56192,2607:f8b0:4012:821::2003,443,10174,Photos,com.google.android.apps.photos,TLS,Inalcanzable,www.gstatic.com,80,60,1,1,2026-09-03T03:54:37.475-06:00,2026-09-03T03:54:37.476-06:00
6,fd00:2:fd00:1:fd00:1:fd00:1,56218,2607:f8b0:4012:821::2003,443,10174,Photos,com.google.android.apps.photos,TLS,Inalcanzable,www.gstatic.com,80,60,1,1,2026-09-03T03:54:37.478-06:00,2026-09-03T03:54:37.479-06:00
6,fd00:2:fd00:1:fd00:1:fd00:1,56194,2607:f8b0:4012:821::2003,443,10174,Photos,com.google.android.apps.photos,TLS,Inalcanzable,www.gstatic.com,80,60,1,1,2026-09-03T03:54:37.481-06:00,2026-09-03T03:54:37.482-06:00
6,fd00:2:fd00:1:fd00:1:fd00:1,56174,2607:f8b0:4012:821::2003,443,10174,Photos,com.google.android.apps.photos,TLS,Inalcanzable,www.gstatic.com,80,60,1,1,2026-09-03T03:54:37.484-06:00,2026-09-03T03:54:37.486-06:00
6,fd00:2:fd00:1:fd00:1:fd00:1,56180,2607:f8b0:4012:821::2003,443,10174,Photos,com.google.android.apps.photos,TLS,Inalcanzable,www.gstatic.com,80,60,1,1,2026-09-03T03:54:37.487-06:00,2026-09-03T03:54:37.489-06:00
6,10.215.173.1,37224,142.251.210.163,443,10174,Photos,com.google.android.apps.photos,TLS,Cerrado,www.gstatic.com,140,128,3,3,2026-09-03T03:54:48.203-06:00,2026-09-03T03:54:48.265-06:00
6,fd00:2:fd00:1:fd00:1:fd00:1,40386,2607:f8b0:4012:821::2003,443,10174,Photos,com.google.android.apps.photos,TLS,Inalcanzable,www.gstatic.com,80,60,1,1,2026-09-03T03:54:48.248-06:00,2026-09-03T03:54:48.250-06:00
6,fd00:2:fd00:1:fd00:1:fd00:1,40386,2607:f8b0:4012:821::2003,443,10174,Photos,com.google.android.apps.photos,TLS,Inalcanzable,www.gstatic.com,80,60,1,1,2026-09-03T03:54:48.260-06:00,2026-09-03T03:54:48.261-06:00
6,fd00:2:fd00:1:fd00:1:fd00:1,40386,2607:f8b0:4012:821::2003,443,10174,Photos,com.google.android.apps.photos,TLS,Inalcanzable,www.gstatic.com,80,60,1,1,2026-09-03T03:54:50.288-06:00,2026-09-03T03:54:50.291-06:00
6,fd00:2:fd00:1:fd00:1:fd00:1,40386,2607:f8b0:4012:821::2003,443,10174,Photos,com.google.android.apps.photos,TLS,Inalcanzable,www.gstatic.com,80,60,1,1,2026-09-03T03:54:54.353-06:00,2026-09-03T03:54:54.355-06:00
6,fd00:2:fd00:1:fd00:1:fd00:1,40402,2607:f8b0:4012:821::2003,443,10174,Photos,com.google.android.apps.photos,TLS,Inalcanzable,www.gstatic.com,80,60,1,1,2026-09-03T03:54:55.679-06:00,2026-09-03T03:54:55.681-06:00
6,fd00:2:fd00:1:fd00:1:fd00:1,40402,2607:f8b0:4012:821::2003,443,10174,Photos,com.google.android.apps.photos,TLS,Inalcanzable,www.gstatic.com,80,60,1,1,2026-09-03T03:54:55.693-06:00,2026-09-03T03:54:55.695-06:00
6,fd00:2:fd00:1:fd00:1:fd00:1,40402,2607:f8b0:4012:821::2003,443,10174,Photos,com.google.android.apps.photos,TLS,Inalcanzable,www.gstatic.com,80,60,1,1,2026-09-03T03:54:57.712-06:00,2026-09-03T03:54:57.714-06:00
6,fd00:2:fd00:1:fd00:1:fd00:1,40402,2607:f8b0:4012:821::2003,443,10174,Photos,com.google.android.apps.photos,TLS,Inalcanzable,www.gstatic.com,80,60,1,1,2026-09-03T03:55:01.777-06:00,2026-09-03T03:55:01.778-06:00
6,fd00:2:fd00:1:fd00:1:fd00:1,40386,2607:f8b0:4012:821::2003,443,10174,Photos,com.google.android.apps.photos,TLS,Inalcanzable,www.gstatic.com,80,60,1,1,2026-09-03T03:55:02.545-06:00,2026-09-03T03:55:02.546-06:00
6,fd00:2:fd00:1:fd00:1:fd00:1,50390,2607:f8b0:4012:821::2003,443,10174,Photos,com.google.android.apps.photos,TLS,Inalcanzable,www.gstatic.com,80,60,1,1,2026-09-03T03:55:04.032-06:00,2026-09-03T03:55:04.034-06:00
6,fd00:2:fd00:1:fd00:1:fd00:1,50390,2607:f8b0:4012:821::2003,443,10174,Photos,com.google.android.apps.photos,TLS,Inalcanzable,www.gstatic.com,80,60,1,1,2026-09-03T03:55:04.045-06:00,2026-09-03T03:55:04.047-06:00
6,fd00:2:fd00:1:fd00:1:fd00:1,50390,2607:f8b0:4012:821::2003,443,10174,Photos,com.google.android.apps.photos,TLS,Inalcanzable,www.gstatic.com,80,60,1,1,2026-09-03T03:55:06.064-06:00,2026-09-03T03:55:06.067-06:00
6,fd00:2:fd00:1:fd00:1:fd00:1,40402,2607:f8b0:4012:821::2003,443,10174,Photos,com.google.android.apps.photos,TLS,Inalcanzable,www.gstatic.com,80,60,1,1,2026-09-03T03:55:09.968-06:00,2026-09-03T03:55:09.970-06:00
6,fd00:2:fd00:1:fd00:1:fd00:1,40492,2607:f8b0:4012:821::2003,443,10174,Photos,com.google.android.apps.photos,TLS,Inalcanzable,www.gstatic.com,80,60,1,1,2026-09-03T03:55:10.060-06:00,2026-09-03T03:55:10.063-06:00
6,fd00:2:fd00:1:fd00:1:fd00:1,40492,2607:f8b0:4012:821::2003,443,10174,Photos,com.google.android.apps.photos,TLS,Inalcanzable,www.gstatic.com,80,60,1,1,2026-09-03T03:55:10.077-06:00,2026-09-03T03:55:10.079-06:00
6,fd00:2:fd00:1:fd00:1:fd00:1,50390,2607:f8b0:4012:821::2003,443,10174,Photos,com.google.android.apps.photos,TLS,Inalcanzable,www.gstatic.com,80,60,1,1,2026-09-03T03:55:10.225-06:00,2026-09-03T03:55:10.227-06:00
6,fd00:2:fd00:1:fd00:1:fd00:1,40492,2607:f8b0:4012:821::2003,443,10174,Photos,com.google.android.apps.photos,TLS,Inalcanzable,www.gstatic.com,80,60,1,1,2026-09-03T03:55:12.081-06:00,2026-09-03T03:55:12.083-06:00
6,fd00:2:fd00:1:fd00:1:fd00:1,40492,2607:f8b0:4012:821::2003,443,10174,Photos,com.google.android.apps.photos,TLS,Inalcanzable,www.gstatic.com,80,60,1,1,2026-09-03T03:55:16.113-06:00,2026-09-03T03:55:16.115-06:00
6,fd00:2:fd00:1:fd00:1:fd00:1,40494,2607:f8b0:4012:821::2003,443,10174,Photos,com.google.android.apps.photos,TLS,Inalcanzable,www.gstatic.com,80,60,1,1,2026-09-03T03:55:16.331-06:00,2026-09-03T03:55:16.332-06:00
6,fd00:2:fd00:1:fd00:1:fd00:1,40494,2607:f8b0:4012:821::2003,443,10174,Photos,com.google.android.apps.photos,TLS,Inalcanzable,www.gstatic.com,80,60,1,1,2026-09-03T03:55:16.349-06:00,2026-09-03T03:55:16.350-06:00
6,fd00:2:fd00:1:fd00:1:fd00:1,40494,2607:f8b0:4012:821::2003,443,10174,Photos,com.google.android.apps.photos,TLS,Inalcanzable,www.gstatic.com,80,60,1,1,2026-09-03T03:55:18.352-06:00,2026-09-03T03:55:18.354-06:00
6,fd00:2:fd00:1:fd00:1:fd00:1,50390,2607:f8b0:4012:821::2003,443,10174,Photos,com.google.android.apps.photos,TLS,Inalcanzable,www.gstatic.com,80,60,1,1,2026-09-03T03:55:18.417-06:00,2026-09-03T03:55:18.419-06:00
6,fd00:2:fd00:1:fd00:1:fd00:1,40386,2607:f8b0:4012:821::2003,443,10174,Photos,com.google.android.apps.photos,TLS,Inalcanzable,www.gstatic.com,80,60,1,1,2026-09-03T03:55:18.673-06:00,2026-09-03T03:55:18.674-06:00
6,fd00:2:fd00:1:fd00:1:fd00:1,54872,2607:f8b0:4012:821::2003,443,10174,Photos,com.google.android.apps.photos,TLS,Inalcanzable,www.gstatic.com,80,60,1,1,2026-09-03T03:55:19.868-06:00,2026-09-03T03:55:19.870-06:00
6,fd00:2:fd00:1:fd00:1:fd00:1,54872,2607:f8b0:4012:821::2003,443,10174,Photos,com.google.android.apps.photos,TLS,Inalcanzable,www.gstatic.com,80,60,1,1,2026-09-03T03:55:19.885-06:00,2026-09-03T03:55:19.887-06:00
6,fd00:2:fd00:1:fd00:1:fd00:1,54888,2607:f8b0:4012:821::2003,443,10174,Photos,com.google.android.apps.photos,TLS,Inalcanzable,www.gstatic.com,80,60,1,1,2026-09-03T03:55:20.365-06:00,2026-09-03T03:55:20.367-06:00
6,fd00:2:fd00:1:fd00:1:fd00:1,54888,2607:f8b0:4012:821::2003,443,10174,Photos,com.google.android.apps.photos,TLS,Inalcanzable,www.gstatic.com,80,60,1,1,2026-09-03T03:55:20.380-06:00,2026-09-03T03:55:20.382-06:00
6,fd00:2:fd00:1:fd00:1:fd00:1,54872,2607:f8b0:4012:821::2003,443,10174,Photos,com.google.android.apps.photos,TLS,Inalcanzable,www.gstatic.com,80,60,1,1,2026-09-03T03:55:21.905-06:00,2026-09-03T03:55:21.907-06:00
6,fd00:2:fd00:1:fd00:1:fd00:1,54888,2607:f8b0:4012:821::2003,443,10174,Photos,com.google.android.apps.photos,TLS,Inalcanzable,www.gstatic.com,80,60,1,1,2026-09-03T03:55:22.385-06:00,2026-09-03T03:55:22.386-06:00
6,fd00:2:fd00:1:fd00:1:fd00:1,40494,2607:f8b0:4012:821::2003,443,10174,Photos,com.google.android.apps.photos,TLS,Inalcanzable,www.gstatic.com,80,60,1,1,2026-09-03T03:55:22.513-06:00,2026-09-03T03:55:22.515-06:00
6,fd00:2:fd00:1:fd00:1:fd00:1,40492,2607:f8b0:4012:821::2003,443,10174,Photos,com.google.android.apps.photos,TLS,Inalcanzable,www.gstatic.com,80,60,1,1,2026-09-03T03:55:24.305-06:00,2026-09-03T03:55:24.307-06:00
6,fd00:2:fd00:1:fd00:1:fd00:1,54900,2607:f8b0:4012:821::2003,443,10174,Photos,com.google.android.apps.photos,TLS,Inalcanzable,www.gstatic.com,80,60,1,1,2026-09-03T03:55:24.616-06:00,2026-09-03T03:55:24.617-06:00
6,fd00:2:fd00:1:fd00:1:fd00:1,54900,2607:f8b0:4012:821::2003,443,10174,Photos,com.google.android.apps.photos,TLS,Inalcanzable,www.gstatic.com,80,60,1,1,2026-09-03T03:55:24.628-06:00,2026-09-03T03:55:24.630-06:00
6,fd00:2:fd00:1:fd00:1:fd00:1,54872,2607:f8b0:4012:821::2003,443,10174,Photos,com.google.android.apps.photos,TLS,Inalcanzable,www.gstatic.com,80,60,1,1,2026-09-03T03:55:26.096-06:00,2026-09-03T03:55:26.098-06:00
6,fd00:2:fd00:1:fd00:1:fd00:1,40402,2607:f8b0:4012:821::2003,443,10174,Photos,com.google.android.apps.photos,TLS,Inalcanzable,www.gstatic.com,80,60,1,1,2026-09-03T03:55:26.100-06:00,2026-09-03T03:55:26.101-06:00
6,fd00:2:fd00:1:fd00:1:fd00:1,54888,2607:f8b0:4012:821::2003,443,10174,Photos,com.google.android.apps.photos,TLS,Inalcanzable,www.gstatic.com,80,60,1,1,2026-09-03T03:55:26.608-06:00,2026-09-03T03:55:26.610-06:00
6,fd00:2:fd00:1:fd00:1:fd00:1,54900,2607:f8b0:4012:821::2003,443,10174,Photos,com.google.android.apps.photos,TLS,Inalcanzable,www.gstatic.com,80,60,1,1,2026-09-03T03:55:26.641-06:00,2026-09-03T03:55:26.643-06:00
6,fd00:2:fd00:1:fd00:1:fd00:1,45850,2607:f8b0:4012:821::2003,443,10174,Photos,com.google.android.apps.photos,TLS,Inalcanzable,www.gstatic.com,80,60,1,1,2026-09-03T03:55:27.963-06:00,2026-09-03T03:55:27.966-06:00
6,fd00:2:fd00:1:fd00:1:fd00:1,45850,2607:f8b0:4012:821::2003,443,10174,Photos,com.google.android.apps.photos,TLS,Inalcanzable,www.gstatic.com,80,60,1,1,2026-09-03T03:55:27.976-06:00,2026-09-03T03:55:27.978-06:00
6,fd00:2:fd00:1:fd00:1:fd00:1,45862,2607:f8b0:4012:821::2003,443,10174,Photos,com.google.android.apps.photos,TLS,Inalcanzable,www.gstatic.com,80,60,1,1,2026-09-03T03:55:28.234-06:00,2026-09-03T03:55:28.236-06:00
6,fd00:2:fd00:1:fd00:1:fd00:1,45862,2607:f8b0:4012:821::2003,443,10174,Photos,com.google.android.apps.photos,TLS,Inalcanzable,www.gstatic.com,80,60,1,1,2026-09-03T03:55:28.248-06:00,2026-09-03T03:55:28.251-06:00
6,fd00:2:fd00:1:fd00:1:fd00:1,45850,2607:f8b0:4012:821::2003,443,10174,Photos,com.google.android.apps.photos,TLS,Inalcanzable,www.gstatic.com,80,60,1,1,2026-09-03T03:55:30.000-06:00,2026-09-03T03:55:30.002-06:00
6,fd00:2:fd00:1:fd00:1:fd00:1,45862,2607:f8b0:4012:821::2003,443,10174,Photos,com.google.android.apps.photos,TLS,Inalcanzable,www.gstatic.com,80,60,1,1,2026-09-03T03:55:30.261-06:00,2026-09-03T03:55:30.262-06:00
6,fd00:2:fd00:1:fd00:1:fd00:1,40494,2607:f8b0:4012:821::2003,443,10174,Photos,com.google.android.apps.photos,TLS,Inalcanzable,www.gstatic.com,80,60,1,1,2026-09-03T03:55:30.704-06:00,2026-09-03T03:55:30.706-06:00
6,fd00:2:fd00:1:fd00:1:fd00:1,54900,2607:f8b0:4012:821::2003,443,10174,Photos,com.google.android.apps.photos,TLS,Inalcanzable,www.gstatic.com,80,60,1,1,2026-09-03T03:55:30.709-06:00,2026-09-03T03:55:30.710-06:00
6,fd00:2:fd00:1:fd00:1:fd00:1,45850,2607:f8b0:4012:821::2003,443,10174,Photos,com.google.android.apps.photos,TLS,Inalcanzable,www.gstatic.com,80,60,1,1,2026-09-03T03:55:34.033-06:00,2026-09-03T03:55:34.035-06:00
6,fd00:2:fd00:1:fd00:1:fd00:1,45862,2607:f8b0:4012:821::2003,443,10174,Photos,com.google.android.apps.photos,TLS,Inalcanzable,www.gstatic.com,80,60,1,1,2026-09-03T03:55:34.288-06:00,2026-09-03T03:55:34.290-06:00
6,fd00:2:fd00:1:fd00:1:fd00:1,54872,2607:f8b0:4012:821::2003,443,10174,Photos,com.google.android.apps.photos,TLS,Inalcanzable,www.gstatic.com,80,60,1,1,2026-09-03T03:55:34.293-06:00,2026-09-03T03:55:34.295-06:00
6,fd00:2:fd00:1:fd00:1:fd00:1,50390,2607:f8b0:4012:821::2003,443,10174,Photos,com.google.android.apps.photos,TLS,Inalcanzable,www.gstatic.com,80,60,1,1,2026-09-03T03:55:34.545-06:00,2026-09-03T03:55:34.547-06:00
6,fd00:2:fd00:1:fd00:1:fd00:1,54888,2607:f8b0:4012:821::2003,443,10174,Photos,com.google.android.apps.photos,TLS,Inalcanzable,www.gstatic.com,80,60,1,1,2026-09-03T03:55:34.800-06:00,2026-09-03T03:55:34.803-06:00
6,fd00:2:fd00:1:fd00:1:fd00:1,54900,2607:f8b0:4012:821::2003,443,10174,Photos,com.google.android.apps.photos,TLS,Inalcanzable,www.gstatic.com,80,60,1,1,2026-09-03T03:55:38.896-06:00,2026-09-03T03:55:38.900-06:00
6,fd00:2:fd00:1:fd00:1:fd00:1,40492,2607:f8b0:4012:821::2003,443,10174,Photos,com.google.android.apps.photos,TLS,Inalcanzable,www.gstatic.com,80,60,1,1,2026-09-03T03:55:40.432-06:00,2026-09-03T03:55:40.435-06:00
6,fd00:2:fd00:1:fd00:1:fd00:1,45850,2607:f8b0:4012:821::2003,443,10174,Photos,com.google.android.apps.photos,TLS,Inalcanzable,www.gstatic.com,80,60,1,1,2026-09-03T03:55:42.225-06:00,2026-09-03T03:55:42.228-06:00
6,fd00:2:fd00:1:fd00:1:fd00:1,45862,2607:f8b0:4012:821::2003,443,10174,Photos,com.google.android.apps.photos,TLS,Inalcanzable,www.gstatic.com,80,60,1,1,2026-09-03T03:55:42.484-06:00,2026-09-03T03:55:42.486-06:00
6,fd00:2:fd00:1:fd00:1:fd00:1,40494,2607:f8b0:4012:821::2003,443,10174,Photos,com.google.android.apps.photos,TLS,Inalcanzable,www.gstatic.com,80,60,1,1,2026-09-03T03:55:46.837-06:00,2026-09-03T03:55:46.838-06:00
6,fd00:2:fd00:1:fd00:1:fd00:1,54872,2607:f8b0:4012:821::2003,443,10174,Photos,com.google.android.apps.photos,TLS,Inalcanzable,www.gstatic.com,80,60,1,1,2026-09-03T03:55:50.417-06:00,2026-09-03T03:55:50.419-06:00
6,fd00:2:fd00:1:fd00:1:fd00:1,54888,2607:f8b0:4012:821::2003,443,10174,Photos,com.google.android.apps.photos,TLS,Inalcanzable,www.gstatic.com,80,60,1,1,2026-09-03T03:55:50.929-06:00,2026-09-03T03:55:50.930-06:00
6,fd00:2:fd00:1:fd00:1:fd00:1,40386,2607:f8b0:4012:821::2003,443,10174,Photos,com.google.android.apps.photos,TLS,Inalcanzable,www.gstatic.com,80,60,1,1,2026-09-03T03:55:51.184-06:00,2026-09-03T03:55:51.186-06:00
6,fd00:2:fd00:1:fd00:1:fd00:1,54900,2607:f8b0:4012:821::2003,443,10174,Photos,com.google.android.apps.photos,TLS,Inalcanzable,www.gstatic.com,80,60,1,1,2026-09-03T03:55:55.025-06:00,2026-09-03T03:55:55.027-06:00
6,fd00:2:fd00:1:fd00:1:fd00:1,45850,2607:f8b0:4012:821::2003,443,10174,Photos,com.google.android.apps.photos,TLS,Inalcanzable,www.gstatic.com,80,60,1,1,2026-09-03T03:55:58.353-06:00,2026-09-03T03:55:58.356-06:00
6,fd00:2:fd00:1:fd00:1:fd00:1,45862,2607:f8b0:4012:821::2003,443,10174,Photos,com.google.android.apps.photos,TLS,Inalcanzable,www.gstatic.com,80,60,1,1,2026-09-03T03:55:58.609-06:00,2026-09-03T03:55:58.611-06:00
6,fd00:2:fd00:1:fd00:1:fd00:1,40402,2607:f8b0:4012:821::2003,443,10174,Photos,com.google.android.apps.photos,TLS,Inalcanzable,www.gstatic.com,80,60,1,1,2026-09-03T03:55:59.378-06:00,2026-09-03T03:55:59.380-06:00
6,fd00:2:fd00:1:fd00:1:fd00:1,50390,2607:f8b0:4012:821::2003,443,10174,Photos,com.google.android.apps.photos,TLS,Inalcanzable,www.gstatic.com,80,60,1,1,2026-09-03T03:56:07.569-06:00,2026-09-03T03:56:07.572-06:00
6,fd00:2:fd00:1:fd00:1:fd00:1,40492,2607:f8b0:4012:821::2003,443,10174,Photos,com.google.android.apps.photos,TLS,Inalcanzable,www.gstatic.com,80,60,1,1,2026-09-03T03:56:13.713-06:00,2026-09-03T03:56:13.715-06:00
6,fd00:2:fd00:1:fd00:1:fd00:1,40494,2607:f8b0:4012:821::2003,443,10174,Photos,com.google.android.apps.photos,TLS,Inalcanzable,www.gstatic.com,80,60,1,1,2026-09-03T03:56:19.857-06:00,2026-09-03T03:56:19.859-06:00
6,fd00:2:fd00:1:fd00:1:fd00:1,54872,2607:f8b0:4012:821::2003,443,10174,Photos,com.google.android.apps.photos,TLS,Inalcanzable,www.gstatic.com,80,60,1,1,2026-09-03T03:56:23.953-06:00,2026-09-03T03:56:23.955-06:00
6,fd00:2:fd00:1:fd00:1:fd00:1,54888,2607:f8b0:4012:821::2003,443,10174,Photos,com.google.android.apps.photos,TLS,Inalcanzable,www.gstatic.com,80,60,1,1,2026-09-03T03:56:23.957-06:00,2026-09-03T03:56:23.958-06:00
6,fd00:2:fd00:1:fd00:1:fd00:1,54900,2607:f8b0:4012:821::2003,443,10174,Photos,com.google.android.apps.photos,TLS,Inalcanzable,www.gstatic.com,80,60,1,1,2026-09-03T03:56:28.049-06:00,2026-09-03T03:56:28.051-06:00
6,fd00:2:fd00:1:fd00:1:fd00:1,45850,2607:f8b0:4012:821::2003,443,10174,Photos,com.google.android.apps.photos,TLS,Inalcanzable,www.gstatic.com,80,60,1,1,2026-09-03T03:56:32.145-06:00,2026-09-03T03:56:32.147-06:00
6,fd00:2:fd00:1:fd00:1:fd00:1,45862,2607:f8b0:4012:821::2003,443,10174,Photos,com.google.android.apps.photos,TLS,Inalcanzable,www.gstatic.com,80,60,1,1,2026-09-03T03:56:32.149-06:00,2026-09-03T03:56:32.151-06:00
